Designator,Footprint,Quantity,Value,LCSC Part #
"C1, C2, C21, C23, C24, C5, C6, C7, C9",0603,9,100nF,C14663
"C10, C14, C18, C20",0805,4,22uF,C45783
"C11, C13, C19",1206,3,100uF,C15008
"C12, C4",0805,2,10uF,C15850
C15,0603,1,8.2nF,C27920
C16,0603,1,10pF,C1634
C17,0603,1,1nF,C1588
"C22, C3",0805,2,1uF,C28323
C8,0603,1,4.7nF,C53987
D1,SOT-23,1,SM712_SOT23,C32677
D10,SOT-23,1,BAT54W,C37704
"D11, D12, D4, D5",D_SOD-123,4,1N4448W,C64898
D13,LED_WS2812B-2020_PLCC4_2.0x2.0mm,1,SK6812MINI,C965555
"D14, D15, D16, D17, D18, D19, D20, D21, D22, D23, D7",0603,11,LED,C72041
D2,0603,1,Status LED,C72041
"D6, D8, D9",D_SMA,3,SS34,C8678
F2,1206,1,Polyfuse,C269117
"J1, J10, J11, J12, J19, J22, J23, J7, J8, J9",KF141V-2.54-3P,10,Screw_Terminal_01x03,C475115
"J14, J15, J16",JST_XH_B4B-XH-A_1x04_P2.50mm_Vertical,3,Conn_01x04_Male,C144395
"J17, J18, J3, J4",KF142V-5.08-3P,4,Screw_Terminal_01x03,C475135
J2,USB_C_Receptacle_HRO_TYPE-C-31-M-12,1,USB_C_Receptacle,C2988369
J6,KF141V-2.54-2P,1,Screw_Terminal_01x02,C475114
"JP1, JP2, JP5, JP6, JP7, JP8",SolderJumper-3_P1.3mm_Open_RoundedPad1.0x1.5mm,6,SolderJumper_3_Open,-
"K1, K2, K3, K4",Relay_SPDT_SANYOU_SRD_Series_Form_C,4,SANYOU_SRD_Form_C,C30431
"L1, L3",L_Bourns_SRP7028A_7.3x6.6mm,2,22uH,C132137
L2,L_Bourns-SRN8040_8x8.15mm,1,3.6uH,C141445
Q1,SOT-363_SC-70-6,1,UMH3N,C62892
"Q10, Q11, Q12, Q13, Q19, Q2, Q20, Q22, Q3, Q5, Q8",SOT-23,11,BC847,C2146
"Q14, Q21, Q4, Q6, Q7, Q9",SOT-23,6,BC857,C8542
"R1, R3",0603,2,680R,
"R10, R17, R18, R19, R20, R35, R39, R4, R40, R41, R46, R47, R48, R49, R5, R52, R53, R6, R62, R63, R64, R67, R68, R69, R7, R70, R71, R8, R9",0603,29,10k,C25804
R11,0603,1,470R,C23179
"R12, R13",0603,2,220R,C22962
"R14, R15",0603,2,5k1,C23186
R16,0603,1,1M,C22935
R2,0603,1,120R,C22787
"R21, R28",0603,2,270k,C22965
"R22, R32, R42, R43, R44",0603,5,4k7,C23162
R23,0603,1,10k 1%,C25804
R24,0603,1,6k8,C23212
R25,0603,1,36k,C23147
R26,0603,1,2k7 1%,C13167
R27,0603,1,470r 1%,C23179
R29,0603,1,15k?,C22809
R30,0603,1,100r,C22775
R31,0603,1,39r,C140097
R33,0603,1,33k,C4216
"R34, R45",0603,2,20k,C4184
R36,0603,1,1k,C21190
"R37, R38, R50, R51, R65, R66",0603,6,47k,C25819
"R54, R55, R56, R57",0603,4,820R,C23253
"R58, R59, R60, R61, R72, R73, R74",0603,7,390R,C23151
SW1,SW_SPST_SKQG_WithStem,1,SKQGAAE010,C318884
"TP1, TP10, TP11, TP12, TP13, TP14, TP15, TP16, TP17, TP18, TP19, TP2, TP20, TP21, TP22, TP24, TP25, TP26, TP27, TP28, TP29, TP3, TP30, TP31, TP32, TP33, TP34, TP35, TP36, TP37, TP38, TP39, TP4, TP40, TP41, TP42, TP43, TP44, TP45, TP46, TP47, TP48, TP49, TP5, TP50, TP51, TP52, TP53, TP54, TP55, TP56, TP57, TP58, TP59, TP6, TP60, TP61, TP62, TP63, TP64, TP65, TP66, TP67, TP68, TP69, TP7, TP70, TP71, TP72, TP8, TP83, TP84, TP85, TP86, TP87, TP88, TP89, TP9, TP90, TP91",TestPoint_Pad_D1.0mm,80,TestPoint_Small,-
U1,SOIC-8_3.9x4.9mm_P1.27mm,1,MAX3485,C8963
U10,VSSOP-8_2.4x2.1mm_P0.5mm,1,TXB0102DCU,C60709
U11,SOIC-8_3.9x4.9mm_P1.27mm,1,ISO7721,C366164
U12,Sensirion_DFN-4_1.5x1.5mm_P0.8mm_SHT4x_NoCentralPad,1,SHT4x,C2909890
U13,TO-92_Inline,1,DS18B20,
U2,ESP32-WROOM-32,1,ESP32-WROOM-32,C701342
U3,SOIC-16_3.9x9.9mm_P1.27mm,1,CH340C,CH340C
U4,SOT-23-6,1,USBLC6-2SC6,C5261088
"U5, U7",SOT-23-6,2,MT3608,C84817
U6,TI_SO-PowerPAD-8_ThermalVias,1,TPS54331,C9865
U8,SOIC-8_3.9x4.9mm_P1.27mm,1,DS18B20Z,C695837
U9,SOIC-8_3.9x4.9mm_P1.27mm,1,ISO1540,C179739
